Workbook

Sheet Hướng dẫn
B2: KẾ HOẠCH KIỂM THỬ – ZOMZOP
B4: Dự án | C4: ZomZop – Web đặt món chuỗi nhà hàng + quản lý nội bộ
B5: Phiên bản / build
B6: Môi trường | C6: Laragon · http://zomzop.test · MySQL
B7: Người kiểm thử
B8: Ngày bắt đầu
B9: Tổng số test case | C9: =COUNTA('Test Cases'!A:A)-1 -> 203
B12: CÁCH DÙNG
B13: 1. Điền các ô nền vàng nhạt ở trên (phiên bản, người test, ngày).
B14: 2. Sang sheet "Test Cases": làm theo cột "Các bước thực hiện" với "Dữ liệu test".
B15: 3. So sánh với "Kết quả mong đợi", ghi "Kết quả thực tế" và chọn "Trạng thái" ở danh sách thả xuống.
B16: 4. Test FAIL → ghi lỗi ở sheet "Bug Report", rồi điền mã lỗi (BUG-xxx) vào cột "Mã lỗi".
B17: 5. Sheet "Tổng hợp" tự tính số Pass/Fail/tỉ lệ theo module — không cần nhập.
B18: Gợi ý: chạy các test ưu tiên Cao trước (lọc cột Ưu tiên). Dùng bộ lọc ở dòng tiêu đề để lọc theo module.
B20: CHÚ THÍCH
B21: Ô nền vàng nhạt | C21: Ô người test cần điền
B22: Pass | C22: Kết quả thực tế đúng như mong đợi
B23: Fail | C23: Sai so với mong đợi → tạo bug
B24: Blocked | C24: Không test được do lỗi khác / thiếu dữ liệu
B25: Not Run | C25: Chưa chạy (mặc định)
B26: Ưu tiên Cao | C26: Luồng chính, bảo mật, tiền – phải PASS trước khi bàn giao
B27: Loại test | C27: Chức năng · Âm tính · Biên · Bảo mật · Giao diện · Tích hợp · Tương thích · Hiệu năng · Hồi quy
B29: TÀI KHOẢN TEST
B30: Vai trò | C30: Email / mật khẩu (điền theo dữ liệu seed của bạn)
B31: admin
B32: manager (chi nhánh A)
B33: manager (chi nhánh B)
B34: staff
B35: kitchen
B36: customer A
B37: customer B

Sheet Test Cases
A1: Mã TC | B1: Module | C1: Chức năng | D1: Tiêu đề test case | E1: Tiền điều kiện | F1: Các bước thực hiện | G1: Dữ liệu test | H1: Kết quả mong đợi | I1: Ưu tiên | J1: Loại test | K1: Kết quả thực tế | L1: Trạng thái | M1: Người test | N1: Ngày test | O1: Mã lỗi | P1: Ghi chú
A2: AUTH-001 | B2: Xác thực | C2: Đăng ký | D2: Đăng ký thành công với dữ liệu hợp lệ | E2: Chưa đăng nhập | F2: 1. Vào /register 2. Nhập đủ thông tin 3. Bấm Đăng ký | G2: Tên: Nguyễn Văn A Email: test01@gmail.com SĐT: 0901234567 MK: 123456 / Nhập lại: 123456 | H2: Tạo tài khoản role customer, tự đăng nhập, về trang chủ với thông báo "Đăng ký thành công! Chào mừng bạn đến với ZomZop" | I2: Cao | J2: Chức năng | L2: Not Run
A3: AUTH-002 | B3: Xác thực | C3: Đăng ký | D3: Đăng ký với email đã tồn tại | E3: Đã có tài khoản test01@gmail.com | F3: 1. Vào /register 2. Nhập email trùng 3. Bấm Đăng ký | G3: Email: test01@gmail.com | H3: Báo lỗi email đã được sử dụng, không tạo tài khoản mới | I3: Cao | J3: Âm tính | L3: Not Run
A4: AUTH-003 | B4: Xác thực | C4: Đăng ký | D4: Mật khẩu xác nhận không khớp | E4: Chưa đăng nhập | F4: 1. Nhập MK và Nhập lại khác nhau 2. Bấm Đăng ký | G4: MK: 123456 / Nhập lại: 654321 | H4: Báo lỗi xác nhận mật khẩu không khớp | I4: Trung bình | J4: Âm tính | L4: Not Run
A5: AUTH-004 | B5: Xác thực | C5: Đăng ký | D5: Mật khẩu ngắn hơn 6 ký tự | E5: Chưa đăng nhập | F5: 1. Nhập MK 5 ký tự 2. Bấm Đăng ký | G5: MK: 12345 | H5: Báo lỗi mật khẩu tối thiểu 6 ký tự | I5: Trung bình | J5: Biên | L5: Not Run
A6: AUTH-005 | B6: Xác thực | C6: Đăng ký | D6: Mật khẩu đúng 6 ký tự (biên dưới) | E6: Chưa đăng nhập | F6: 1. Nhập MK 6 ký tự hợp lệ 2. Bấm Đăng ký | G6: MK: 123456 | H6: Đăng ký thành công | I6: Thấp | J6: Biên | L6: Not Run
A7: AUTH-006 | B7: Xác thực | C7: Đăng ký | D7: Bỏ trống các trường bắt buộc | E7: Chưa đăng nhập | F7: 1. Để trống toàn bộ form 2. Bấm Đăng ký | G7: (trống) | H7: Báo lỗi ở từng trường Tên, Email, SĐT, Mật khẩu | I7: Trung bình | J7: Âm tính | L7: Not Run
A8: AUTH-007 | B8: Xác thực | C8: Đăng ký | D8: Email sai định dạng | E8: Chưa đăng nhập | F8: 1. Nhập email sai 2. Bấm Đăng ký | G8: Email: test01@ | H8: Báo lỗi email không hợp lệ | I8: Thấp | J8: Âm tính | L8: Not Run
A9: AUTH-008 | B9: Xác thực | C9: Đăng ký | D9: Số điện thoại dài quá 15 ký tự | E9: Chưa đăng nhập | F9: 1. Nhập SĐT 16 số 2. Bấm Đăng ký | G9: SĐT: 0901234567890123 | H9: Báo lỗi SĐT tối đa 15 ký tự | I9: Thấp | J9: Biên | L9: Not Run
A10: AUTH-009 | B10: Xác thực | C10: Đăng nhập | D10: Đăng nhập khách hàng thành công | E10: Có tài khoản customer đang hoạt động | F10: 1. Vào /login 2. Nhập email, MK đúng 3. Bấm Đăng nhập | G10: test01@gmail.com / 123456 | H10: Đăng nhập thành công, về trang chủ, header hiện tên người dùng | I10: Cao | J10: Chức năng | L10: Not Run
A11: AUTH-010 | B11: Xác thực | C11: Đăng nhập | D11: Đăng nhập manager chuyển đúng khu vực | E11: Có tài khoản manager | F11: 1. Đăng nhập bằng tài khoản manager | G11: Tài khoản manager | H11: Vào trang quản lý chi nhánh (/manager) | I11: Cao | J11: Chức năng | L11: Not Run
A12: AUTH-011 | B12: Xác thực | C12: Đăng nhập | D12: Đăng nhập admin chuyển đúng khu vực | E12: Có tài khoản admin | F12: 1. Đăng nhập bằng tài khoản admin | G12: Tài khoản admin | H12: Vào trang quản trị (/admin) | I12: Cao | J12: Chức năng | L12: Not Run
A13: AUTH-012 | B13: Xác thực | C13: Đăng nhập | D13: Đăng nhập staff/kitchen chuyển đúng khu vực | E13: Có tài khoản staff và kitchen | F13: 1. Đăng nhập lần lượt từng tài khoản | G13: Tài khoản staff, kitchen | H13: Staff vào /staff; Kitchen vào /kitchen | I13: Cao | J13: Chức năng | L13: Not Run
... A204: NFR-013 | B204: Phi chức năng | C204: Bảo mật & hiệu năng | D204: Bộ test tự động | E204: Đã cài đặt dự án | F204: 1. Chạy php artisan test | G204: - | H204: Toàn bộ test PASS | I204: Cao | J204: Hồi quy | L204: Not Run

Sheet Tổng hợp
B2: TỔNG HỢP KẾT QUẢ KIỂM THỬ
B4: Module | C4: Tổng TC | D4: Pass | E4: Fail | F4: Blocked | G4: Not Run | H4: Đã chạy | I4: % Hoàn thành | J4: % Pass (trên đã chạy) | K4: TC Cao còn Fail
B5: Xác thực | C5: =COUNTIF('Test Cases'!$B:$B,$B5) -> 23 | D5: =COUNTIFS('Test Cases'!$B:$B,$B5,'Test Cases'!$L:$L,"Pass") -> 0 | E5: =COUNTIFS('Test Cases'!$B:$B,$B5,'Test Cases'!$L:$L,"Fail") -> 0 | F5: =COUNTIFS('Test Cases'!$B:$B,$B5,'Test Cases'!$L:$L,"Blocked") -> 0 | G5: =COUNTIFS('Test Cases'!$B:$B,$B5,'Test Cases'!$L:$L,"Not Run") -> 23 | H5: =D5+E5+F5 -> 0 | I5: =IF(C5=0,0,H5/C5) -> 0 | J5: =IF(H5=0,0,D5/H5) -> 0 | K5: =COUNTIFS('Test Cases'!$B:$B,$B5,'Test Cases'!$L:$L,"Fail",'Test Cases'!$I:$I,"Cao") -> 0
B6: Thực đơn | C6: =COUNTIF('Test Cases'!$B:$B,$B6) -> 15 | D6: =COUNTIFS('Test Cases'!$B:$B,$B6,'Test Cases'!$L:$L,"Pass") -> 0 | E6: =COUNTIFS('Test Cases'!$B:$B,$B6,'Test Cases'!$L:$L,"Fail") -> 0 | F6: =COUNTIFS('Test Cases'!$B:$B,$B6,'Test Cases'!$L:$L,"Blocked") -> 0 | G6: =COUNTIFS('Test Cases'!$B:$B,$B6,'Test Cases'!$L:$L,"Not Run") -> 15 | H6: =D6+E6+F6 -> 0 | I6: =IF(C6=0,0,H6/C6) -> 0 | J6: =IF(H6=0,0,D6/H6) -> 0 | K6: =COUNTIFS('Test Cases'!$B:$B,$B6,'Test Cases'!$L:$L,"Fail",'Test Cases'!$I:$I,"Cao") -> 0
B7: Giỏ hàng | C7: =COUNTIF('Test Cases'!$B:$B,$B7) -> 11 | D7: =COUNTIFS('Test Cases'!$B:$B,$B7,'Test Cases'!$L:$L,"Pass") -> 0 | E7: =COUNTIFS('Test Cases'!$B:$B,$B7,'Test Cases'!$L:$L,"Fail") -> 0 | F7: =COUNTIFS('Test Cases'!$B:$B,$B7,'Test Cases'!$L:$L,"Blocked") -> 0 | G7: =COUNTIFS('Test Cases'!$B:$B,$B7,'Test Cases'!$L:$L,"Not Run") -> 11 | H7: =D7+E7+F7 -> 0 | I7: =IF(C7=0,0,H7/C7) -> 0 | J7: =IF(H7=0,0,D7/H7) -> 0 | K7: =COUNTIFS('Test Cases'!$B:$B,$B7,'Test Cases'!$L:$L,"Fail",'Test Cases'!$I:$I,"Cao") -> 0
B8: Đặt hàng | C8: =COUNTIF('Test Cases'!$B:$B,$B8) -> 27 | D8: =COUNTIFS('Test Cases'!$B:$B,$B8,'Test Cases'!$L:$L,"Pass") -> 0 | E8: =COUNTIFS('Test Cases'!$B:$B,$B8,'Test Cases'!$L:$L,"Fail") -> 0 | F8: =COUNTIFS('Test Cases'!$B:$B,$B8,'Test Cases'!$L:$L,"Blocked") -> 0 | G8: =COUNTIFS('Test Cases'!$B:$B,$B8,'Test Cases'!$L:$L,"Not Run") -> 27 | H8: =D8+E8+F8 -> 0 | I8: =IF(C8=0,0,H8/C8) -> 0 | J8: =IF(H8=0,0,D8/H8) -> 0 | K8: =COUNTIFS('Test Cases'!$B:$B,$B8,'Test Cases'!$L:$L,"Fail",'Test Cases'!$I:$I,"Cao") -> 0
B9: Tài khoản khách | C9: =COUNTIF('Test Cases'!$B:$B,$B9) -> 24 | D9: =COUNTIFS('Test Cases'!$B:$B,$B9,'Test Cases'!$L:$L,"Pass") -> 0 | E9: =COUNTIFS('Test Cases'!$B:$B,$B9,'Test Cases'!$L:$L,"Fail") -> 0 | F9: =COUNTIFS('Test Cases'!$B:$B,$B9,'Test Cases'!$L:$L,"Blocked") -> 0 | G9: =COUNTIFS('Test Cases'!$B:$B,$B9,'Test Cases'!$L:$L,"Not Run") -> 24 | H9: =D9+E9+F9 -> 0 | I9: =IF(C9=0,0,H9/C9) -> 0 | J9: =IF(H9=0,0,D9/H9) -> 0 | K9: =COUNTIFS('Test Cases'!$B:$B,$B9,'Test Cases'!$L:$L,"Fail",'Test Cases'!$I:$I,"Cao") -> 0
B10: Manager | C10: =COUNTIF('Test Cases'!$B:$B,$B10) -> 50 | D10: =COUNTIFS('Test Cases'!$B:$B,$B10,'Test Cases'!$L:$L,"Pass") -> 0 | E10: =COUNTIFS('Test Cases'!$B:$B,$B10,'Test Cases'!$L:$L,"Fail") -> 0 | F10: =COUNTIFS('Test Cases'!$B:$B,$B10,'Test Cases'!$L:$L,"Blocked") -> 0 | G10: =COUNTIFS('Test Cases'!$B:$B,$B10,'Test Cases'!$L:$L,"Not Run") -> 50 | H10: =D10+E10+F10 -> 0 | I10: =IF(C10=0,0,H10/C10) -> 0 | J10: =IF(H10=0,0,D10/H10) -> 0 | K10: =COUNTIFS('Test Cases'!$B:$B,$B10,'Test Cases'!$L:$L,"Fail",'Test Cases'!$I:$I,"Cao") -> 0
B11: Admin | C11: =COUNTIF('Test Cases'!$B:$B,$B11) -> 25 | D11: =COUNTIFS('Test Cases'!$B:$B,$B11,'Test Cases'!$L:$L,"Pass") -> 0 | E11: =COUNTIFS('Test Cases'!$B:$B,$B11,'Test Cases'!$L:$L,"Fail") -> 0 | F11: =COUNTIFS('Test Cases'!$B:$B,$B11,'Test Cases'!$L:$L,"Blocked") -> 0 | G11: =COUNTIFS('Test Cases'!$B:$B,$B11,'Test Cases'!$L:$L,"Not Run") -> 25 | H11: =D11+E11+F11 -> 0 | I11: =IF(C11=0,0,H11/C11) -> 0 | J11: =IF(H11=0,0,D11/H11) -> 0 | K11: =COUNTIFS('Test Cases'!$B:$B,$B11,'Test Cases'!$L:$L,"Fail",'Test Cases'!$I:$I,"Cao") -> 0
B12: Nhân viên | C12: =COUNTIF('Test Cases'!$B:$B,$B12) -> 3 | D12: =COUNTIFS('Test Cases'!$B:$B,$B12,'Test Cases'!$L:$L,"Pass") -> 0 | E12: =COUNTIFS('Test Cases'!$B:$B,$B12,'Test Cases'!$L:$L,"Fail") -> 0 | F12: =COUNTIFS('Test Cases'!$B:$B,$B12,'Test Cases'!$L:$L,"Blocked") -> 0 | G12: =COUNTIFS('Test Cases'!$B:$B,$B12,'Test Cases'!$L:$L,"Not Run") -> 3 | H12: =D12+E12+F12 -> 0 | I12: =IF(C12=0,0,H12/C12) -> 0 | J12: =IF(H12=0,0,D12/H12) -> 0 | K12: =COUNTIFS('Test Cases'!$B:$B,$B12,'Test Cases'!$L:$L,"Fail",'Test Cases'!$I:$I,"Cao") -> 0
B13: Kiosk | C13: =COUNTIF('Test Cases'!$B:$B,$B13) -> 12 | D13: =COUNTIFS('Test Cases'!$B:$B,$B13,'Test Cases'!$L:$L,"Pass") -> 0 | E13: =COUNTIFS('Test Cases'!$B:$B,$B13,'Test Cases'!$L:$L,"Fail") -> 0 | F13: =COUNTIFS('Test Cases'!$B:$B,$B13,'Test Cases'!$L:$L,"Blocked") -> 0 | G13: =COUNTIFS('Test Cases'!$B:$B,$B13,'Test Cases'!$L:$L,"Not Run") -> 12 | H13: =D13+E13+F13 -> 0 | I13: =IF(C13=0,0,H13/C13) -> 0 | J13: =IF(H13=0,0,D13/H13) -> 0 | K13: =COUNTIFS('Test Cases'!$B:$B,$B13,'Test Cases'!$L:$L,"Fail",'Test Cases'!$I:$I,"Cao") -> 0
B14: Phi chức năng | C14: =COUNTIF('Test Cases'!$B:$B,$B14) -> 13 | D14: =COUNTIFS('Test Cases'!$B:$B,$B14,'Test Cases'!$L:$L,"Pass") -> 0 | E14: =COUNTIFS('Test Cases'!$B:$B,$B14,'Test Cases'!$L:$L,"Fail") -> 0 | F14: =COUNTIFS('Test Cases'!$B:$B,$B14,'Test Cases'!$L:$L,"Blocked") -> 0 | G14: =COUNTIFS('Test Cases'!$B:$B,$B14,'Test Cases'!$L:$L,"Not Run") -> 13 | H14: =D14+E14+F14 -> 0 | I14: =IF(C14=0,0,H14/C14) -> 0 | J14: =IF(H14=0,0,D14/H14) -> 0 | K14: =COUNTIFS('Test Cases'!$B:$B,$B14,'Test Cases'!$L:$L,"Fail",'Test Cases'!$I:$I,"Cao") -> 0
B15: TỔNG CỘNG | C15: =SUM(C5:C14) -> 203 | D15: =SUM(D5:D14) -> 0 | E15: =SUM(E5:E14) -> 0 | F15: =SUM(F5:F14) -> 0 | G15: =SUM(G5:G14) -> 203 | H15: =SUM(H5:H14) -> 0 | I15: =IF(C15=0,0,H15/C15) -> 0 | J15: =IF(H15=0,0,D15/H15) -> 0 | K15: =SUM(K5:K14) -> 0
B17: Theo mức ưu tiên
B18: Ưu tiên | C18: Tổng TC | D18: Pass | E18: Fail | F18: % Pass (trên đã chạy)
B19: Cao | C19: =COUNTIF('Test Cases'!$I:$I,$B19) -> 92 | D19: =COUNTIFS('Test Cases'!$I:$I,$B19,'Test Cases'!$L:$L,"Pass") -> 0 | E19: =COUNTIFS('Test Cases'!$I:$I,$B19,'Test Cases'!$L:$L,"Fail") -> 0 | F19: =IF(D19+E19=0,0,D19/(D19+E19)) -> 0
B20: Trung bình | C20: =COUNTIF('Test Cases'!$I:$I,$B20) -> 72 | D20: =COUNTIFS('Test Cases'!$I:$I,$B20,'Test Cases'!$L:$L,"Pass") -> 0 | E20: =COUNTIFS('Test Cases'!$I:$I,$B20,'Test Cases'!$L:$L,"Fail") -> 0 | F20: =IF(D20+E20=0,0,D20/(D20+E20)) -> 0
B21: Thấp | C21: =COUNTIF('Test Cases'!$I:$I,$B21) -> 39 | D21: =COUNTIFS('Test Cases'!$I:$I,$B21,'Test Cases'!$L:$L,"Pass") -> 0 | E21: =COUNTIFS('Test Cases'!$I:$I,$B21,'Test Cases'!$L:$L,"Fail") -> 0 | F21: =IF(D21+E21=0,0,D21/(D21+E21)) -> 0
B23: Kết luận
B24: =IF(H15<C15,"Chưa chạy hết test case",IF(K15>0,"KHÔNG ĐẠT – còn lỗi ưu tiên Cao",IF(J15>=0.95,"ĐẠT – sẵn sàng bàn giao","ĐẠT CÓ ĐIỀU KIỆN – tỉ lệ Pass dưới 95%"))) -> Chưa chạy hết test case
B25: Tiêu chí: chạy 100% test case, không còn lỗi ưu tiên Cao, tỉ lệ Pass ≥ 95%.
B27: Lỗi theo mức độ
B28: Mức độ | C28: Tổng lỗi | D28: Chưa đóng
B29: Nghiêm trọng | C29: =COUNTIF('Bug Report'!$E$3:$E$100,$B29) -> 0 | D29: =C29-COUNTIFS('Bug Report'!$E$3:$E$100,$B29,'Bug Report'!$O$3:$O$100,"Đóng")-COUNTIFS('Bug Report'!$E$3:$E$100,$B29,'Bug Report'!$O$3:$O$100,"Không phải lỗi") -> 0
B30: Cao | C30: =COUNTIF('Bug Report'!$E$3:$E$100,$B30) -> 0 | D30: =C30-COUNTIFS('Bug Report'!$E$3:$E$100,$B30,'Bug Report'!$O$3:$O$100,"Đóng")-COUNTIFS('Bug Report'!$E$3:$E$100,$B30,'Bug Report'!$O$3:$O$100,"Không phải lỗi") -> 0
B31: Trung bình | C31: =COUNTIF('Bug Report'!$E$3:$E$100,$B31) -> 0 | D31: =C31-COUNTIFS('Bug Report'!$E$3:$E$100,$B31,'Bug Report'!$O$3:$O$100,"Đóng")-COUNTIFS('Bug Report'!$E$3:$E$100,$B31,'Bug Report'!$O$3:$O$100,"Không phải lỗi") -> 0
B32: Thấp | C32: =COUNTIF('Bug Report'!$E$3:$E$100,$B32) -> 0 | D32: =C32-COUNTIFS('Bug Report'!$E$3:$E$100,$B32,'Bug Report'!$O$3:$O$100,"Đóng")-COUNTIFS('Bug Report'!$E$3:$E$100,$B32,'Bug Report'!$O$3:$O$100,"Không phải lỗi") -> 0
B33: Ghi chú: dòng BUG-001 ở sheet Bug Report là ví dụ, không được tính.

Sheet Bug Report
A1: Mã lỗi | B1: Mã TC | C1: Tiêu đề lỗi | D1: Module | E1: Mức độ | F1: Ưu tiên sửa | G1: Các bước tái hiện | H1: Kết quả mong đợi | I1: Kết quả thực tế | J1: Ảnh / video | K1: Môi trường | L1: Người báo | M1: Ngày báo | N1: Người sửa | O1: Trạng thái | P1: Ghi chú
A2: BUG-001 | B2: ORD-002 | C2: (VÍ DỤ) Phí ship giao tiêu chuẩn hiển thị 0đ | D2: Đặt hàng | E2: Nghiêm trọng | F2: Cao | G2: 1. Đăng nhập customer 2. Thêm món vào giỏ 3. Checkout, chọn Giao hàng – Tiêu chuẩn | H2: Phí ship 15.000đ | I2: Phí ship 0đ, tổng tiền thiếu 15.000đ | J2: link ảnh chụp | K2: Chrome 130 / Windows 11 | L2: Tester | M2: =TODAY() -> 46321 | O2: Mới | P2: Xóa dòng ví dụ này khi dùng
